company,year,employees_start,employees_end,new_hires,layoffs,net_change,hiring_rate_pct,attrition_rate_pct,revenue_billions_usd,stock_price_change_pct,gdp_growth_us_pct,unemployment_rate_us_pct,is_estimated,confidence_level,data_quality_score
AMD,2001,13387,14400,2083,1070,1013,15.6,8.0,3.89,25.1,1.0,4.7,false,Medium,95
AMD,2002,14400,12500,0,1900,-1900,0.0,13.2,2.7,42.8,1.7,5.8,false,Medium,95
AMD,2003,12500,12000,0,500,-500,0.0,4.0,3.52,-1.8,2.8,6.0,false,Medium,95
AMD,2004,12000,11700,60,360,-300,0.5,3.0,5.0,-18.6,3.8,5.5,false,Medium,95
AMD,2005,11700,9860,0,1840,-1840,0.0,15.7,5.85,15.2,3.5,5.1,false,Medium,95
AMD,2006,9860,16000,6435,295,6140,65.3,3.0,5.65,47.2,2.8,4.6,false,Medium,95
AMD,2007,16000,16420,900,480,420,5.6,3.0,6.01,-8.1,2.0,4.6,false,Medium,95
AMD,2008,16420,10300,0,6120,-6120,0.0,37.3,5.81,-19.7,0.1,5.8,false,Medium,95
AMD,2009,10300,10400,924,824,100,9.0,8.0,5.4,35.6,-2.6,9.3,false,Medium,95
AMD,2010,10400,11100,1012,312,700,9.7,3.0,6.49,0.0,2.7,9.6,false,High,95
AMD,2011,11100,11100,333,333,0,3.0,3.0,6.57,-27.6,1.6,8.9,false,High,95
AMD,2012,11100,10600,0,500,-500,0.0,4.5,5.42,38.7,2.3,8.1,false,High,95
AMD,2013,10600,10149,0,451,-451,0.0,4.3,5.3,7.4,1.8,7.4,false,High,95
AMD,2014,10149,9700,0,449,-449,0.0,4.4,5.51,2.9,2.5,6.2,false,High,95
AMD,2015,9700,9700,291,291,0,3.0,3.0,3.99,43.8,2.9,5.3,false,High,95
AMD,2016,9700,8900,0,800,-800,0.0,8.2,4.27,40.9,1.6,4.9,false,High,95
AMD,2017,8900,9100,467,267,200,5.2,3.0,5.33,-4.8,2.4,4.4,false,High,95
AMD,2018,9100,10100,1273,273,1000,14.0,3.0,6.48,34.7,2.9,3.9,false,High,95
AMD,2019,10100,11400,1603,303,1300,15.9,3.0,6.73,36.8,2.3,3.7,false,High,95
AMD,2020,11400,13900,2842,342,2500,24.9,3.0,9.76,18.6,-2.8,8.1,false,High,95
AMD,2021,13900,15500,2017,417,1600,14.5,3.0,16.43,43.6,5.8,5.4,false,High,95
AMD,2022,15500,26000,11430,930,10500,73.7,6.0,23.6,-23.5,1.9,3.6,false,High,95
AMD,2023,26000,26000,1560,1560,0,6.0,6.0,22.68,40.5,2.5,3.7,false,High,95
AMD,2024,26000,28000,2780,780,2000,10.7,3.0,25.8,28.6,2.8,4.1,true,Medium,85
AMD,2025,28000,29000,1840,840,1000,6.6,3.0,28.5,22.5,2.3,4.2,true,Medium,85
Adobe,2001,3007,3000,233,240,-7,7.7,8.0,1.23,29.0,1.0,4.7,false,Medium,95
Adobe,2002,3000,2900,140,240,-100,4.7,8.0,1.17,-5.3,1.7,5.8,false,Medium,95
Adobe,2003,2900,3100,287,87,200,9.9,3.0,1.3,-17.4,2.8,6.0,false,Medium,95
Adobe,2004,3100,3300,293,93,200,9.5,3.0,1.67,-26.5,3.8,5.5,false,Medium,95
Adobe,2005,3300,3142,0,158,-158,0.0,4.8,1.97,48.8,3.5,5.1,false,Medium,95
Adobe,2006,3142,6082,3034,94,2940,96.6,3.0,2.58,44.7,2.8,4.6,false,Medium,95
Adobe,2007,6082,6500,600,182,418,9.9,3.0,3.16,21.1,2.0,4.6,false,Medium,95
Adobe,2008,6500,7335,1355,520,835,20.8,8.0,3.58,30.0,0.1,5.8,false,Medium,95
Adobe,2009,7335,6735,0,600,-600,0.0,8.2,2.95,31.5,-2.6,9.3,false,Medium,95
Adobe,2010,6735,9117,2584,202,2382,38.4,3.0,3.8,16.9,2.7,9.6,false,High,95
Adobe,2011,9117,9925,1081,273,808,11.9,3.0,4.22,-15.0,1.6,8.9,false,High,95
Adobe,2012,9925,11144,1516,297,1219,15.3,3.0,4.4,5.8,2.3,8.1,false,High,95
Adobe,2013,11144,11847,1037,334,703,9.3,3.0,4.06,7.3,1.8,7.4,false,High,95
Adobe,2014,11847,12499,1007,355,652,8.5,3.0,4.15,42.3,2.5,6.2,false,High,95
Adobe,2015,12499,13893,1768,374,1394,14.1,3.0,4.8,17.2,2.9,5.3,false,High,95
Adobe,2016,13893,15706,2229,416,1813,16.0,3.0,5.85,-3.9,1.6,4.9,false,High,95
Adobe,2017,15706,17973,2738,471,2267,17.4,3.0,7.3,36.5,2.4,4.4,false,High,95
Adobe,2018,17973,21357,3923,539,3384,21.8,3.0,9.03,32.8,2.9,3.9,false,High,95
Adobe,2019,21357,22516,1799,640,1159,8.4,3.0,11.17,19.6,2.3,3.7,false,High,95
Adobe,2020,22516,22634,793,675,118,3.5,3.0,12.87,21.0,-2.8,8.1,false,High,95
Adobe,2021,22634,25988,4033,679,3354,17.8,3.0,15.79,20.2,5.8,5.4,false,High,95
Adobe,2022,25988,29239,4810,1559,3251,18.5,6.0,17.61,-26.8,1.9,3.6,false,High,95
Adobe,2023,29239,29867,2382,1754,628,8.1,6.0,19.41,96.5,2.5,3.7,false,High,95
Adobe,2024,29867,30000,1029,896,133,3.4,3.0,21.5,35.7,2.8,4.1,true,Medium,85
Adobe,2025,30000,30500,1400,900,500,4.7,3.0,23.0,19.9,2.3,4.2,true,Medium,85
Airbnb,2009,17,20,4,1,3,23.5,5.9,0.0,-5.5,-2.6,9.3,true,Medium,85
Airbnb,2010,20,50,30,0,30,150.0,0.0,0.02,-7.1,2.7,9.6,true,Medium,85
Airbnb,2011,50,150,101,1,100,202.0,2.0,0.08,24.7,1.6,8.9,true,Medium,85
Airbnb,2012,150,400,254,4,250,169.3,2.7,0.15,-1.9,2.3,8.1,true,Medium,85
Airbnb,2013,400,700,312,12,300,78.0,3.0,0.25,-21.8,1.8,7.4,true,Medium,85
Airbnb,2014,700,1000,321,21,300,45.9,3.0,0.42,39.7,2.5,6.2,true,Medium,85
Airbnb,2015,1000,2000,1030,30,1000,103.0,3.0,0.92,-3.8,2.9,5.3,true,Medium,85
Airbnb,2016,2000,3100,1160,60,1100,58.0,3.0,1.66,39.0,1.6,4.9,true,Medium,85
Airbnb,2017,3100,4400,1393,93,1300,44.9,3.0,2.56,11.0,2.4,4.4,true,Medium,85
Airbnb,2018,4400,5300,1032,132,900,23.5,3.0,3.65,28.7,2.9,3.9,true,Medium,85
Airbnb,2019,5300,6100,959,159,800,18.1,3.0,4.81,43.6,2.3,3.7,true,Medium,85
Airbnb,2020,6100,5600,0,500,-500,0.0,8.2,3.38,93.4,-2.8,8.1,true,Medium,85
Airbnb,2021,5600,6800,1368,168,1200,24.4,3.0,5.99,78.9,5.8,5.4,true,Medium,85
Airbnb,2022,6800,6900,508,408,100,7.5,6.0,8.4,-53.3,1.9,3.6,true,Medium,85
Airbnb,2023,6900,6900,414,414,0,6.0,6.0,9.92,92.0,2.5,3.7,true,Medium,85
Airbnb,2024,6900,7200,507,207,300,7.3,3.0,11.1,58.5,2.8,4.1,true,Medium,85
Airbnb,2025,7200,7500,516,216,300,7.2,3.0,12.5,-7.9,2.3,4.2,true,Medium,85
Alphabet,2004,2567,3021,531,77,454,20.7,3.0,3.19,-10.1,3.8,5.5,false,Medium,95
Alphabet,2005,3021,5680,2749,90,2659,91.0,3.0,6.14,-10.1,3.5,5.1,false,Medium,95
Alphabet,2006,5680,10674,5164,170,4994,90.9,3.0,10.6,39.1,2.8,4.6,false,Medium,95
Alphabet,2007,10674,16805,6451,320,6131,60.4,3.0,16.59,-2.5,2.0,4.6,false,Medium,95
Alphabet,2008,16805,20222,4761,1344,3417,28.3,8.0,21.8,45.2,0.1,5.8,false,Medium,95
Alphabet,2009,20222,19835,1230,1617,-387,6.1,8.0,23.65,-24.8,-2.6,9.3,false,Medium,95
Alphabet,2010,19835,24400,5160,595,4565,26.0,3.0,29.32,18.3,2.7,9.6,false,High,95
Alphabet,2011,24400,32467,8799,732,8067,36.1,3.0,37.91,-12.1,1.6,8.9,false,High,95
Alphabet,2012,32467,53861,22368,974,21394,68.9,3.0,50.18,-7.3,2.3,8.1,false,High,95
Alphabet,2013,53861,47756,0,6105,-6105,0.0,11.3,55.52,35.6,1.8,7.4,false,High,95
Alphabet,2014,47756,53600,7276,1432,5844,15.2,3.0,66.0,27.7,2.5,6.2,false,High,95
Alphabet,2015,53600,61814,9822,1608,8214,18.3,3.0,74.99,7.6,2.9,5.3,false,High,95
Alphabet,2016,61814,72053,12093,1854,10239,19.6,3.0,90.27,41.3,1.6,4.9,false,High,95
Alphabet,2017,72053,80110,10218,2161,8057,14.2,3.0,110.86,41.3,2.4,4.4,false,High,95
Alphabet,2018,80110,98771,21064,2403,18661,26.3,3.0,136.82,-14.3,2.9,3.9,false,High,95
Alphabet,2019,98771,118899,23091,2963,20128,23.4,3.0,161.86,-18.4,2.3,3.7,false,High,95
Alphabet,2020,118899,135301,19968,3566,16402,16.8,3.0,182.53,32.4,-2.8,8.1,false,High,95
Alphabet,2021,135301,156500,25258,4059,21199,18.7,3.0,257.64,53.2,5.8,5.4,false,High,95
Alphabet,2022,156500,190234,43124,9390,33734,27.6,6.0,282.84,-38.0,1.9,3.6,false,High,95
Alphabet,2023,190234,182502,3682,11414,-7732,1.9,6.0,307.39,88.4,2.5,3.7,false,High,95
Alphabet,2024,182502,183323,6296,5475,821,3.4,3.0,350.0,-5.5,2.8,4.1,true,Medium,85
Alphabet,2025,183323,185000,7176,5499,1677,3.9,3.0,380.0,6.3,2.3,4.2,true,Medium,85
Amazon,2001,9000,7800,0,1200,-1200,0.0,13.3,3.12,-7.5,1.0,4.7,false,Medium,95
Amazon,2002,7800,7500,324,624,-300,4.2,8.0,3.93,13.7,1.7,5.8,false,Medium,95
Amazon,2003,7500,7800,525,225,300,7.0,3.0,5.26,-26.9,2.8,6.0,false,Medium,95
Amazon,2004,7800,9000,1434,234,1200,18.4,3.0,6.92,-13.2,3.8,5.5,false,Medium,95
Amazon,2005,9000,12000,3270,270,3000,36.3,3.0,8.49,-9.3,3.5,5.1,false,Medium,95
Amazon,2006,12000,13900,2260,360,1900,18.8,3.0,10.71,-18.4,2.8,4.6,false,Medium,95
Amazon,2007,13900,17000,3517,417,3100,25.3,3.0,14.84,43.8,2.0,4.6,false,Medium,95
Amazon,2008,17000,20700,5060,1360,3700,29.8,8.0,19.17,-28.7,0.1,5.8,false,Medium,95
Amazon,2009,20700,24300,5256,1656,3600,25.4,8.0,24.51,32.7,-2.6,9.3,false,Medium,95
Amazon,2010,24300,33700,10129,729,9400,41.7,3.0,34.2,-7.6,2.7,9.6,false,High,95
Amazon,2011,33700,56200,23511,1011,22500,69.8,3.0,48.08,41.7,1.6,8.9,false,High,95
Amazon,2012,56200,88400,33886,1686,32200,60.3,3.0,61.09,-0.6,2.3,8.1,false,High,95
Amazon,2013,88400,117300,31552,2652,28900,35.7,3.0,74.45,36.9,1.8,7.4,false,High,95
Amazon,2014,117300,154100,40319,3519,36800,34.4,3.0,88.99,-2.8,2.5,6.2,false,High,95
Amazon,2015,154100,230800,81323,4623,76700,52.8,3.0,107.01,14.1,2.9,5.3,false,High,95
Amazon,2016,230800,341400,117524,6924,110600,50.9,3.0,135.99,13.2,1.6,4.9,false,High,95
Amazon,2017,341400,566000,234842,10242,224600,68.8,3.0,177.87,8.8,2.4,4.4,false,High,95
Amazon,2018,566000,647500,98480,16980,81500,17.4,3.0,232.89,19.9,2.9,3.9,false,High,95
Amazon,2019,647500,798000,169925,19425,150500,26.2,3.0,280.52,-10.9,2.3,3.7,false,High,95
Amazon,2020,798000,1298000,523940,23940,500000,65.7,3.0,386.06,94.5,-2.8,8.1,false,High,95
Amazon,2021,1298000,1608000,348940,38940,310000,26.9,3.0,469.82,72.4,5.8,5.4,false,High,95
Amazon,2022,1608000,1541000,29480,96480,-67000,1.8,6.0,514.0,-52.6,1.9,3.6,false,High,95
Amazon,2023,1541000,1525000,76460,92460,-16000,5.0,6.0,575.0,42.8,2.5,3.7,false,High,95
Amazon,2024,1525000,1556000,76750,45750,31000,5.0,3.0,620.0,42.7,2.8,4.1,true,Medium,85
Amazon,2025,1556000,1540000,30680,46680,-16000,2.0,3.0,670.0,-2.9,2.3,4.2,true,Medium,85
Apple,2001,8568,9600,1717,685,1032,20.0,8.0,5.36,-8.8,1.0,4.7,false,Medium,95
Apple,2002,9600,10200,1368,768,600,14.2,8.0,5.74,38.4,1.7,5.8,false,Medium,95
Apple,2003,10200,10900,1006,306,700,9.9,3.0,6.21,33.6,2.8,6.0,false,Medium,95
Apple,2004,10900,12100,1527,327,1200,14.0,3.0,8.28,44.4,3.8,5.5,false,Medium,95
Apple,2005,12100,14800,3063,363,2700,25.3,3.0,13.93,-10.9,3.5,5.1,false,Medium,95
Apple,2006,14800,17787,3431,444,2987,23.2,3.0,19.32,7.0,2.8,4.6,false,Medium,95
Apple,2007,17787,21600,4346,533,3813,24.4,3.0,24.01,44.0,2.0,4.6,false,Medium,95
Apple,2008,21600,32000,12128,1728,10400,56.1,8.0,32.48,29.0,0.1,5.8,false,Medium,95
Apple,2009,32000,34300,4860,2560,2300,15.2,8.0,36.54,23.2,-2.6,9.3,false,Medium,95
Apple,2010,34300,46600,13329,1029,12300,38.9,3.0,65.23,-22.9,2.7,9.6,false,High,95
Apple,2011,46600,60400,15198,1398,13800,32.6,3.0,108.25,-27.3,1.6,8.9,false,High,95
Apple,2012,60400,72800,14212,1812,12400,23.5,3.0,156.51,-4.5,2.3,8.1,false,High,95
Apple,2013,72800,80300,9684,2184,7500,13.3,3.0,170.91,-17.2,1.8,7.4,false,High,95
Apple,2014,80300,92600,14709,2409,12300,18.3,3.0,182.8,-15.4,2.5,6.2,false,High,95
Apple,2015,92600,110000,20178,2778,17400,21.8,3.0,233.72,14.4,2.9,5.3,false,High,95
Apple,2016,110000,116000,9300,3300,6000,8.5,3.0,215.64,-18.6,1.6,4.9,false,High,95
Apple,2017,116000,123000,10480,3480,7000,9.0,3.0,229.23,13.1,2.4,4.4,false,High,95
Apple,2018,123000,132000,12690,3690,9000,10.3,3.0,265.6,16.2,2.9,3.9,false,High,95
Apple,2019,132000,137000,8960,3960,5000,6.8,3.0,260.17,12.7,2.3,3.7,false,High,95
Apple,2020,137000,147000,14110,4110,10000,10.3,3.0,274.52,93.1,-2.8,8.1,false,High,95
Apple,2021,147000,154000,11410,4410,7000,7.8,3.0,365.82,50.3,5.8,5.4,false,High,95
Apple,2022,154000,164000,19240,9240,10000,12.5,6.0,394.33,-31.3,1.9,3.6,false,High,95
Apple,2023,164000,161000,6840,9840,-3000,4.2,6.0,383.29,109.9,2.5,3.7,false,High,95
Apple,2024,161000,164000,7830,4830,3000,4.9,3.0,391.0,14.8,2.8,4.1,true,Medium,85
Apple,2025,164000,166000,6920,4920,2000,4.2,3.0,416.2,-5.7,2.3,4.2,true,Medium,85
Block,2010,42,50,9,1,8,21.4,2.4,0.02,7.6,2.7,9.6,true,Medium,85
Block,2011,50,100,51,1,50,102.0,2.0,0.06,35.6,1.6,8.9,true,Medium,85
Block,2012,100,300,203,3,200,203.0,3.0,0.2,-19.3,2.3,8.1,true,Medium,85
Block,2013,300,500,209,9,200,69.7,3.0,0.55,28.3,1.8,7.4,true,Medium,85
Block,2014,500,800,315,15,300,63.0,3.0,0.85,14.4,2.5,6.2,true,Medium,85
Block,2015,800,1300,524,24,500,65.5,3.0,1.27,-11.2,2.9,5.3,true,Medium,85
Block,2016,1300,2000,739,39,700,56.8,3.0,1.71,6.7,1.6,4.9,true,Medium,85
Block,2017,2000,2900,960,60,900,48.0,3.0,2.21,12.3,2.4,4.4,true,Medium,85
Block,2018,2900,3500,687,87,600,23.7,3.0,3.3,19.6,2.9,3.9,true,Medium,85
Block,2019,3500,4500,1105,105,1000,31.6,3.0,4.71,18.7,2.3,3.7,true,Medium,85
Block,2020,4500,6500,2135,135,2000,47.4,3.0,9.5,56.8,-2.8,8.1,true,Medium,85
Block,2021,6500,8500,2195,195,2000,33.8,3.0,17.66,78.1,5.8,5.4,true,Medium,85
Block,2022,8500,13000,5010,510,4500,58.9,6.0,17.53,-53.8,1.9,3.6,true,Medium,85
Block,2023,13000,12000,0,1000,-1000,0.0,7.7,21.32,106.4,2.5,3.7,true,Medium,85
Block,2024,12000,12500,860,360,500,7.2,3.0,23.5,48.3,2.8,4.1,true,Medium,85
Block,2025,12500,13000,875,375,500,7.0,3.0,25.0,22.2,2.3,4.2,true,Medium,85
Intel,2001,86100,83400,4188,6888,-2700,4.9,8.0,26.54,-10.1,1.0,4.7,false,Medium,95
Intel,2002,83400,78700,1972,6672,-4700,2.4,8.0,26.76,-9.0,1.7,5.8,false,Medium,95
Intel,2003,78700,79700,3361,2361,1000,4.3,3.0,30.14,43.6,2.8,6.0,false,Medium,95
Intel,2004,79700,85000,7691,2391,5300,9.6,3.0,34.21,48.9,3.8,5.5,false,Medium,95
Intel,2005,85000,99900,17450,2550,14900,20.5,3.0,38.83,-22.5,3.5,5.1,false,Medium,95
Intel,2006,99900,94100,0,5800,-5800,0.0,5.8,35.38,32.0,2.8,4.6,false,Medium,95
Intel,2007,94100,86300,0,7800,-7800,0.0,8.3,38.33,-23.1,2.0,4.6,false,Medium,95
Intel,2008,86300,83900,4504,6904,-2400,5.2,8.0,37.59,-4.6,0.1,5.8,false,Medium,95
Intel,2009,83900,79800,2612,6712,-4100,3.1,8.0,35.13,-4.3,-2.6,9.3,false,Medium,95
Intel,2010,79800,82500,5094,2394,2700,6.4,3.0,43.62,22.9,2.7,9.6,false,High,95
Intel,2011,82500,100100,20075,2475,17600,24.3,3.0,53.99,-6.0,1.6,8.9,false,High,95
Intel,2012,100100,105000,7903,3003,4900,7.9,3.0,53.34,35.3,2.3,8.1,false,High,95
Intel,2013,105000,107600,5750,3150,2600,5.5,3.0,52.71,14.4,1.8,7.4,false,High,95
Intel,2014,107600,106700,2328,3228,-900,2.2,3.0,55.87,-13.0,2.5,6.2,false,High,95
Intel,2015,106700,107300,3801,3201,600,3.6,3.0,55.36,20.6,2.9,5.3,false,High,95
Intel,2016,107300,106000,1919,3219,-1300,1.8,3.0,59.39,-2.4,1.6,4.9,false,High,95
Intel,2017,106000,102700,0,3300,-3300,0.0,3.1,62.76,-3.0,2.4,4.4,false,High,95
Intel,2018,102700,107400,7781,3081,4700,7.6,3.0,70.85,9.3,2.9,3.9,false,High,95
Intel,2019,107400,110800,6622,3222,3400,6.2,3.0,71.97,33.5,2.3,3.7,false,High,95
Intel,2020,110800,110600,3124,3324,-200,2.8,3.0,77.87,27.3,-2.8,8.1,false,High,95
Intel,2021,110600,121100,13818,3318,10500,12.5,3.0,79.02,18.4,5.8,5.4,false,High,95
Intel,2022,121100,131900,18066,7266,10800,14.9,6.0,63.05,-20.9,1.9,3.6,false,High,95
Intel,2023,131900,124800,814,7914,-7100,0.6,6.0,54.23,80.2,2.5,3.7,false,High,95
Intel,2024,124800,116500,0,8300,-8300,0.0,6.7,54.2,29.8,2.8,4.1,true,Medium,85
Intel,2025,116500,110000,0,6500,-6500,0.0,5.6,55.0,26.9,2.3,4.2,true,Medium,85
LinkedIn,2004,42,50,9,1,8,21.4,2.4,0.0,-5.1,3.8,5.5,false,Medium,95
LinkedIn,2005,50,80,31,1,30,62.0,2.0,0.01,-20.8,3.5,5.1,false,Medium,95
LinkedIn,2006,80,120,42,2,40,52.5,2.5,0.01,3.4,2.8,4.6,false,Medium,95
LinkedIn,2007,120,200,83,3,80,69.2,2.5,0.03,-17.3,2.0,4.6,false,Medium,95
LinkedIn,2008,200,350,166,16,150,83.0,8.0,0.08,39.4,0.1,5.8,false,Medium,95
LinkedIn,2009,350,500,178,28,150,50.9,8.0,0.12,27.4,-2.6,9.3,false,Medium,95
LinkedIn,2010,500,1000,515,15,500,103.0,3.0,0.24,-0.4,2.7,9.6,false,High,95
LinkedIn,2011,1000,2100,1130,30,1100,113.0,3.0,0.52,-18.8,1.6,8.9,false,High,95
LinkedIn,2012,2100,3458,1421,63,1358,67.7,3.0,0.97,39.2,2.3,8.1,false,High,95
LinkedIn,2013,3458,5400,2045,103,1942,59.1,3.0,1.53,40.3,1.8,7.4,false,High,95
LinkedIn,2014,5400,6897,1659,162,1497,30.7,3.0,2.22,17.0,2.5,6.2,false,High,95
LinkedIn,2015,6897,9200,2509,206,2303,36.4,3.0,2.99,-26.8,2.9,5.3,false,High,95
LinkedIn,2016,9200,10800,1876,276,1600,20.4,3.0,3.62,-12.2,1.6,4.9,false,High,95
LinkedIn,2017,10800,12500,2024,324,1700,18.7,3.0,5.5,19.1,2.4,4.4,false,High,95
LinkedIn,2018,12500,14000,1875,375,1500,15.0,3.0,6.5,7.1,2.9,3.9,false,High,95
LinkedIn,2019,14000,16000,2420,420,2000,17.3,3.0,7.5,-10.7,2.3,3.7,false,High,95
LinkedIn,2020,16000,18000,2480,480,2000,15.5,3.0,8.05,75.2,-2.8,8.1,false,High,95
LinkedIn,2021,18000,19000,1540,540,1000,8.6,3.0,10.0,42.8,5.8,5.4,false,High,95
LinkedIn,2022,19000,20500,2640,1140,1500,13.9,6.0,13.82,-31.1,1.9,3.6,false,High,95
LinkedIn,2023,20500,19500,230,1230,-1000,1.1,6.0,15.69,96.9,2.5,3.7,false,High,95
LinkedIn,2024,19500,20000,1085,585,500,5.6,3.0,17.5,-1.2,2.8,4.1,true,Medium,85
LinkedIn,2025,20000,20500,1100,600,500,5.5,3.0,19.0,6.1,2.3,4.2,true,Medium,85
Lyft,2013,85,100,17,2,15,20.0,2.4,0.01,-16.6,1.8,7.4,true,Medium,85
Lyft,2014,100,300,203,3,200,203.0,3.0,0.05,-9.0,2.5,6.2,true,Medium,85
Lyft,2015,300,700,409,9,400,136.3,3.0,0.2,25.1,2.9,5.3,true,Medium,85
Lyft,2016,700,1500,821,21,800,117.3,3.0,0.7,22.1,1.6,4.9,true,Medium,85
Lyft,2017,1500,2500,1045,45,1000,69.7,3.0,1.06,33.6,2.4,4.4,true,Medium,85
Lyft,2018,2500,3800,1375,75,1300,55.0,3.0,2.16,49.2,2.9,3.9,true,Medium,85
Lyft,2019,3800,5100,1414,114,1300,37.2,3.0,3.62,16.3,2.3,3.7,true,Medium,85
Lyft,2020,5100,4800,0,300,-300,0.0,5.9,2.36,56.1,-2.8,8.1,true,Medium,85
Lyft,2021,4800,5400,744,144,600,15.5,3.0,3.21,35.3,5.8,5.4,true,Medium,85
Lyft,2022,5400,5900,824,324,500,15.3,6.0,4.1,-20.4,1.9,3.6,true,Medium,85
Lyft,2023,5900,4500,0,1400,-1400,0.0,23.7,4.1,23.7,2.5,3.7,true,Medium,85
Lyft,2024,4500,4800,435,135,300,9.7,3.0,4.7,36.8,2.8,4.1,true,Medium,85
Lyft,2025,4800,5000,344,144,200,7.2,3.0,5.2,21.0,2.3,4.2,true,Medium,85
Meta,2006,127,150,26,3,23,20.5,2.4,0.05,41.7,2.8,4.6,false,Medium,95
Meta,2007,150,450,304,4,300,202.7,2.7,0.15,-23.8,2.0,4.6,false,Medium,95
Meta,2008,450,700,286,36,250,63.6,8.0,0.27,42.9,0.1,5.8,false,Medium,95
Meta,2009,700,1200,556,56,500,79.4,8.0,0.78,-25.6,-2.6,9.3,false,Medium,95
Meta,2010,1200,2127,963,36,927,80.2,3.0,1.97,-4.7,2.7,9.6,false,High,95
Meta,2011,2127,3200,1136,63,1073,53.4,3.0,3.71,4.7,1.6,8.9,false,High,95
Meta,2012,3200,4619,1515,96,1419,47.3,3.0,5.09,33.5,2.3,8.1,false,High,95
Meta,2013,4619,6337,1856,138,1718,40.2,3.0,7.87,-1.0,1.8,7.4,false,High,95
Meta,2014,6337,9199,3052,190,2862,48.2,3.0,12.47,-3.3,2.5,6.2,false,High,95
Meta,2015,9199,12691,3767,275,3492,41.0,3.0,17.93,19.6,2.9,5.3,false,High,95
Meta,2016,12691,17048,4737,380,4357,37.3,3.0,27.64,12.5,1.6,4.9,false,High,95
Meta,2017,17048,25105,8568,511,8057,50.3,3.0,40.65,49.4,2.4,4.4,false,High,95
Meta,2018,25105,35587,11235,753,10482,44.8,3.0,55.84,33.2,2.9,3.9,false,High,95
Meta,2019,35587,44942,10422,1067,9355,29.3,3.0,70.7,10.0,2.3,3.7,false,High,95
Meta,2020,44942,58604,15010,1348,13662,33.4,3.0,85.97,98.8,-2.8,8.1,false,High,95
Meta,2021,58604,71970,15124,1758,13366,25.8,3.0,117.93,13.1,5.8,5.4,false,High,95
Meta,2022,71970,86482,18830,4318,14512,26.2,6.0,116.61,-48.9,1.9,3.6,false,High,95
Meta,2023,86482,67317,0,19165,-19165,0.0,22.2,134.9,86.8,2.5,3.7,false,High,95
Meta,2024,67317,74067,8769,2019,6750,13.0,3.0,164.5,15.1,2.8,4.1,true,Medium,85
Meta,2025,74067,78450,6605,2222,4383,8.9,3.0,180.0,18.3,2.3,4.2,true,Medium,85
Microsoft,2001,39100,47600,11628,3128,8500,29.7,8.0,25.3,8.6,1.0,4.7,false,Medium,95
Microsoft,2002,47600,50500,6708,3808,2900,14.1,8.0,28.37,39.8,1.7,5.8,false,Medium,95
Microsoft,2003,50500,55000,6015,1515,4500,11.9,3.0,32.19,-7.5,2.8,6.0,false,Medium,95
Microsoft,2004,55000,57000,3650,1650,2000,6.6,3.0,36.84,21.4,3.8,5.5,false,Medium,95
Microsoft,2005,57000,61000,5710,1710,4000,10.0,3.0,39.79,-16.4,3.5,5.1,false,Medium,95
Microsoft,2006,61000,71000,11830,1830,10000,19.4,3.0,44.28,-15.2,2.8,4.6,false,Medium,95
Microsoft,2007,71000,79000,10130,2130,8000,14.3,3.0,51.12,48.6,2.0,4.6,false,Medium,95
Microsoft,2008,79000,91000,18320,6320,12000,23.2,8.0,60.42,3.1,0.1,5.8,false,Medium,95
Microsoft,2009,91000,93000,9280,7280,2000,10.2,8.0,58.44,33.7,-2.6,9.3,false,Medium,95
Microsoft,2010,93000,89000,0,4000,-4000,0.0,4.3,62.48,19.5,2.7,9.6,false,High,95
Microsoft,2011,89000,90000,3670,2670,1000,4.1,3.0,69.94,42.6,1.6,8.9,false,High,95
Microsoft,2012,90000,94000,6700,2700,4000,7.4,3.0,73.72,-2.0,2.3,8.1,false,High,95
Microsoft,2013,94000,99000,7820,2820,5000,8.3,3.0,77.85,8.1,1.8,7.4,false,High,95
Microsoft,2014,99000,128000,31970,2970,29000,32.3,3.0,86.83,-23.9,2.5,6.2,false,High,95
Microsoft,2015,128000,118000,0,10000,-10000,0.0,7.8,93.58,12.9,2.9,5.3,false,High,95
Microsoft,2016,118000,114000,0,4000,-4000,0.0,3.4,91.15,-13.8,1.6,4.9,false,High,95
Microsoft,2017,114000,124000,13420,3420,10000,11.8,3.0,96.57,5.3,2.4,4.4,false,High,95
Microsoft,2018,124000,131000,10720,3720,7000,8.6,3.0,110.36,22.3,2.9,3.9,false,High,95
Microsoft,2019,131000,144000,16930,3930,13000,12.9,3.0,125.84,-11.2,2.3,3.7,false,High,95
Microsoft,2020,144000,163000,23320,4320,19000,16.2,3.0,143.02,95.1,-2.8,8.1,false,High,95
Microsoft,2021,163000,181000,22890,4890,18000,14.0,3.0,168.09,15.9,5.8,5.4,false,High,95
Microsoft,2022,181000,221000,50860,10860,40000,28.1,6.0,198.27,-50.3,1.9,3.6,false,High,95
Microsoft,2023,221000,221000,13260,13260,0,6.0,6.0,211.92,27.0,2.5,3.7,false,High,95
Microsoft,2024,221000,228000,13630,6630,7000,6.2,3.0,245.0,57.5,2.8,4.1,true,Medium,85
Microsoft,2025,228000,228000,6840,6840,0,3.0,3.0,270.0,26.9,2.3,4.2,true,Medium,85
NVIDIA,2001,392,1157,796,31,765,203.1,7.9,1.37,-23.5,1.0,4.7,false,Medium,95
NVIDIA,2002,1157,1603,538,92,446,46.5,8.0,1.91,35.7,1.7,5.8,false,Medium,95
NVIDIA,2003,1603,2000,445,48,397,27.8,3.0,1.82,-7.5,2.8,6.0,false,Medium,95
NVIDIA,2004,2000,2100,160,60,100,8.0,3.0,2.01,-13.2,3.8,5.5,false,Medium,95
NVIDIA,2005,2100,2101,64,63,1,3.0,3.0,2.38,-12.3,3.5,5.1,false,Medium,95
NVIDIA,2006,2101,2700,662,63,599,31.5,3.0,3.07,-16.2,2.8,4.6,false,Medium,95
NVIDIA,2007,2700,4205,1586,81,1505,58.7,3.0,4.1,-23.5,2.0,4.6,false,Medium,95
NVIDIA,2008,4205,5100,1231,336,895,29.3,8.0,3.43,0.4,0.1,5.8,false,Medium,95
NVIDIA,2009,5100,5131,439,408,31,8.6,8.0,3.33,34.4,-2.6,9.3,false,Medium,95
NVIDIA,2010,5131,5706,728,153,575,14.2,3.0,3.54,5.2,2.7,9.6,false,High,95
NVIDIA,2011,5706,6029,494,171,323,8.7,3.0,3.94,40.0,1.6,8.9,false,High,95
NVIDIA,2012,6029,7133,1284,180,1104,21.3,3.0,4.28,-2.3,2.3,8.1,false,High,95
NVIDIA,2013,7133,7362,442,213,229,6.2,3.0,4.13,40.6,1.8,7.4,false,High,95
NVIDIA,2014,7362,8808,1666,220,1446,22.6,3.0,4.68,11.2,2.5,6.2,false,High,95
NVIDIA,2015,8808,9228,684,264,420,7.8,3.0,5.01,16.5,2.9,5.3,false,High,95
NVIDIA,2016,9228,10299,1347,276,1071,14.6,3.0,6.91,-8.7,1.6,4.9,false,High,95
NVIDIA,2017,10299,11528,1537,308,1229,14.9,3.0,9.71,49.6,2.4,4.4,false,High,95
NVIDIA,2018,11528,13277,2094,345,1749,18.2,3.0,11.72,25.1,2.9,3.9,false,High,95
NVIDIA,2019,13277,13277,398,398,0,3.0,3.0,10.92,-5.7,2.3,3.7,false,High,95
NVIDIA,2020,13277,13775,896,398,498,6.7,3.0,16.68,-2.3,-2.8,8.1,false,High,95
NVIDIA,2021,13775,18975,5613,413,5200,40.7,3.0,26.91,36.6,5.8,5.4,false,High,95
NVIDIA,2022,18975,22473,4636,1138,3498,24.4,6.0,26.91,-32.4,1.9,3.6,false,High,95
NVIDIA,2023,22473,26196,5071,1348,3723,22.6,6.0,60.92,21.7,2.5,3.7,false,High,95
NVIDIA,2024,26196,29600,4189,785,3404,16.0,3.0,130.5,57.4,2.8,4.1,true,Medium,85
NVIDIA,2025,29600,36000,7288,888,6400,24.6,3.0,195.0,3.5,2.3,4.2,true,Medium,85
Netflix,2001,120,100,0,20,-20,0.0,16.7,0.08,-21.3,1.0,4.7,false,Medium,95
Netflix,2002,100,150,58,8,50,58.0,8.0,0.15,-23.4,1.7,5.8,false,Medium,95
Netflix,2003,150,300,154,4,150,102.7,2.7,0.27,-18.5,2.8,6.0,false,Medium,95
Netflix,2004,300,450,159,9,150,53.0,3.0,0.51,6.7,3.8,5.5,false,Medium,95
Netflix,2005,450,985,548,13,535,121.8,2.9,0.68,12.0,3.5,5.1,false,Medium,95
Netflix,2006,985,1200,244,29,215,24.8,2.9,1.0,42.1,2.8,4.6,false,Medium,95
Netflix,2007,1200,1500,336,36,300,28.0,3.0,1.21,-21.7,2.0,4.6,false,Medium,95
Netflix,2008,1500,1644,264,120,144,17.6,8.0,1.36,21.2,0.1,5.8,false,Medium,95
Netflix,2009,1644,1700,187,131,56,11.4,8.0,1.67,-1.5,-2.6,9.3,false,Medium,95
Netflix,2010,1700,2180,531,51,480,31.2,3.0,2.16,24.2,2.7,9.6,false,High,95
Netflix,2011,2180,2348,233,65,168,10.7,3.0,3.2,20.4,1.6,8.9,false,High,95
Netflix,2012,2348,2022,0,326,-326,0.0,13.9,3.61,0.7,2.3,8.1,false,High,95
Netflix,2013,2022,2022,60,60,0,3.0,3.0,4.37,37.7,1.8,7.4,false,High,95
Netflix,2014,2022,2189,227,60,167,11.2,3.0,5.5,-5.6,2.5,6.2,false,High,95
Netflix,2015,2189,3500,1376,65,1311,62.9,3.0,6.78,-4.7,2.9,5.3,false,High,95
Netflix,2016,3500,4700,1305,105,1200,37.3,3.0,8.83,-7.0,1.6,4.9,false,High,95
Netflix,2017,4700,5500,941,141,800,20.0,3.0,11.69,-28.4,2.4,4.4,false,High,95
Netflix,2018,5500,7100,1765,165,1600,32.1,3.0,15.79,-13.4,2.9,3.9,false,High,95
Netflix,2019,7100,8600,1713,213,1500,24.1,3.0,20.16,0.0,2.3,3.7,false,High,95
Netflix,2020,8600,9400,1058,258,800,12.3,3.0,24.99,96.9,-2.8,8.1,false,High,95
Netflix,2021,9400,11300,2182,282,1900,23.2,3.0,29.7,10.5,5.8,5.4,false,High,95
Netflix,2022,11300,12800,2178,678,1500,19.3,6.0,31.62,-46.2,1.9,3.6,false,High,95
Netflix,2023,12800,13000,968,768,200,7.6,6.0,33.72,55.2,2.5,3.7,false,High,95
Netflix,2024,13000,14000,1390,390,1000,10.7,3.0,36.0,18.2,2.8,4.1,true,Medium,85
Netflix,2025,14000,14500,920,420,500,6.6,3.0,38.5,-8.6,2.3,4.2,true,Medium,85
Oracle,2001,41320,42927,4912,3305,1607,11.9,8.0,10.86,29.1,1.0,4.7,false,Medium,95
Oracle,2002,42927,40650,1157,3434,-2277,2.7,8.0,9.67,42.1,1.7,5.8,false,Medium,95
Oracle,2003,40650,40000,569,1219,-650,1.4,3.0,9.48,0.9,2.8,6.0,false,Medium,95
Oracle,2004,40000,49872,11072,1200,9872,27.7,3.0,10.16,14.3,3.8,5.5,false,Medium,95
Oracle,2005,49872,49872,1496,1496,0,3.0,3.0,11.8,5.0,3.5,5.1,false,Medium,95
Oracle,2006,49872,56133,7757,1496,6261,15.6,3.0,14.38,47.8,2.8,4.6,false,Medium,95
Oracle,2007,56133,74674,20224,1683,18541,36.0,3.0,17.99,0.1,2.0,4.6,false,Medium,95
Oracle,2008,74674,84233,15532,5973,9559,20.8,8.0,22.43,-26.8,0.1,5.8,false,Medium,95
Oracle,2009,84233,105000,27505,6738,20767,32.7,8.0,23.25,34.6,-2.6,9.3,false,Medium,95
Oracle,2010,105000,105000,3150,3150,0,3.0,3.0,26.82,-0.3,2.7,9.6,false,High,95
Oracle,2011,105000,108000,6150,3150,3000,5.9,3.0,35.62,29.1,1.6,8.9,false,High,95
Oracle,2012,108000,115000,10240,3240,7000,9.5,3.0,37.12,34.5,2.3,8.1,false,High,95
Oracle,2013,115000,120000,8450,3450,5000,7.3,3.0,37.18,-24.4,1.8,7.4,false,High,95
Oracle,2014,120000,122000,5600,3600,2000,4.7,3.0,38.28,-27.5,2.5,6.2,false,High,95
Oracle,2015,122000,132000,13660,3660,10000,11.2,3.0,38.23,-4.3,2.9,5.3,false,High,95
Oracle,2016,132000,136000,7960,3960,4000,6.0,3.0,37.04,32.5,1.6,4.9,false,High,95
Oracle,2017,136000,138000,6080,4080,2000,4.5,3.0,37.73,-7.5,2.4,4.4,false,High,95
Oracle,2018,138000,137000,3140,4140,-1000,2.3,3.0,39.83,43.0,2.9,3.9,false,High,95
Oracle,2019,137000,136000,3110,4110,-1000,2.3,3.0,39.51,6.6,2.3,3.7,false,High,95
Oracle,2020,136000,136000,4080,4080,0,3.0,3.0,40.48,35.0,-2.8,8.1,false,High,95
Oracle,2021,136000,143000,11080,4080,7000,8.1,3.0,42.44,67.5,5.8,5.4,false,High,95
Oracle,2022,143000,164000,29580,8580,21000,20.7,6.0,49.95,-47.8,1.9,3.6,false,High,95
Oracle,2023,164000,159000,4840,9840,-5000,3.0,6.0,52.96,66.3,2.5,3.7,false,High,95
Oracle,2024,159000,160000,5770,4770,1000,3.6,3.0,54.7,57.8,2.8,4.1,true,Medium,85
Oracle,2025,160000,162000,6800,4800,2000,4.2,3.0,58.0,-1.4,2.3,4.2,true,Medium,85
PayPal,2001,500,1000,540,40,500,108.0,8.0,0.05,4.0,1.0,4.7,false,Medium,95
PayPal,2002,1000,2050,1130,80,1050,113.0,8.0,0.1,15.1,1.7,5.8,false,Medium,95
PayPal,2003,2050,2500,511,61,450,24.9,3.0,0.14,-9.6,2.8,6.0,false,Medium,95
PayPal,2004,2500,3000,575,75,500,23.0,3.0,0.23,-29.1,3.8,5.5,false,Medium,95
PayPal,2005,3000,4000,1090,90,1000,36.3,3.0,0.96,-13.5,3.5,5.1,false,Medium,95
PayPal,2006,4000,4500,620,120,500,15.5,3.0,1.4,-2.0,2.8,4.6,false,Medium,95
PayPal,2007,4500,5200,835,135,700,18.6,3.0,1.78,34.8,2.0,4.6,false,Medium,95
PayPal,2008,5200,5800,1016,416,600,19.5,8.0,2.34,42.2,0.1,5.8,false,Medium,95
PayPal,2009,5800,6300,964,464,500,16.6,8.0,2.84,13.2,-2.6,9.3,false,Medium,95
PayPal,2010,6300,6940,829,189,640,13.2,3.0,3.44,46.7,2.7,9.6,false,High,95
PayPal,2011,6940,10000,3268,208,3060,47.1,3.0,4.4,38.0,1.6,8.9,false,High,95
PayPal,2012,10000,13000,3300,300,3000,33.0,3.0,5.63,-22.9,2.3,8.1,false,High,95
PayPal,2013,13000,14000,1390,390,1000,10.7,3.0,6.73,29.8,1.8,7.4,false,High,95
PayPal,2014,14000,15800,2220,420,1800,15.9,3.0,7.9,41.1,2.5,6.2,false,High,95
PayPal,2015,15800,18000,2674,474,2200,16.9,3.0,9.25,25.7,2.9,5.3,false,High,95
PayPal,2016,18000,18700,1240,540,700,6.9,3.0,10.84,22.5,1.6,4.9,false,High,95
PayPal,2017,18700,21000,2861,561,2300,15.3,3.0,13.09,20.4,2.4,4.4,false,High,95
PayPal,2018,21000,23200,2830,630,2200,13.5,3.0,15.45,18.5,2.9,3.9,false,High,95
PayPal,2019,23200,23200,696,696,0,3.0,3.0,17.77,-4.6,2.3,3.7,false,High,95
PayPal,2020,23200,26500,3996,696,3300,17.2,3.0,21.45,40.0,-2.8,8.1,false,High,95
PayPal,2021,26500,30900,5195,795,4400,19.6,3.0,25.37,66.5,5.8,5.4,false,High,95
PayPal,2022,30900,30000,954,1854,-900,3.1,6.0,27.52,-38.0,1.9,3.6,false,High,95
PayPal,2023,30000,27500,0,2500,-2500,0.0,8.3,29.77,112.5,2.5,3.7,false,High,95
PayPal,2024,27500,28000,1325,825,500,4.8,3.0,31.5,49.4,2.8,4.1,true,Medium,85
PayPal,2025,28000,28500,1340,840,500,4.8,3.0,33.0,2.2,2.3,4.2,true,Medium,85
Pinterest,2011,42,50,9,1,8,21.4,2.4,0.0,29.6,1.6,8.9,true,Medium,85
Pinterest,2012,50,100,51,1,50,102.0,2.0,0.01,-13.9,2.3,8.1,true,Medium,85
Pinterest,2013,100,250,153,3,150,153.0,3.0,0.03,3.4,1.8,7.4,true,Medium,85
Pinterest,2014,250,500,257,7,250,102.8,2.8,0.17,44.8,2.5,6.2,true,Medium,85
Pinterest,2015,500,800,315,15,300,63.0,3.0,0.37,-25.9,2.9,5.3,true,Medium,85
Pinterest,2016,800,1300,524,24,500,65.5,3.0,0.55,-13.8,1.6,4.9,true,Medium,85
Pinterest,2017,1300,1600,339,39,300,26.1,3.0,0.47,-26.8,2.4,4.4,true,Medium,85
Pinterest,2018,1600,1900,348,48,300,21.8,3.0,0.76,-23.1,2.9,3.9,true,Medium,85
Pinterest,2019,1900,2300,457,57,400,24.1,3.0,1.14,2.1,2.3,3.7,true,Medium,85
Pinterest,2020,2300,3200,969,69,900,42.1,3.0,1.69,62.3,-2.8,8.1,true,Medium,85
Pinterest,2021,3200,3700,596,96,500,18.6,3.0,2.58,62.1,5.8,5.4,true,Medium,85
Pinterest,2022,3700,4100,622,222,400,16.8,6.0,2.8,-53.7,1.9,3.6,true,Medium,85
Pinterest,2023,4100,3400,0,700,-700,0.0,17.1,3.03,73.2,2.5,3.7,true,Medium,85
Pinterest,2024,3400,3500,202,102,100,5.9,3.0,3.6,5.4,2.8,4.1,true,Medium,85
Pinterest,2025,3500,3600,205,105,100,5.9,3.0,4.0,1.4,2.3,4.2,true,Medium,85
SAP,2001,24000,26700,4620,1920,2700,19.2,8.0,7.34,16.2,1.0,4.7,false,Medium,95
SAP,2002,26700,28800,4236,2136,2100,15.9,8.0,7.41,1.6,1.7,5.8,false,Medium,95
SAP,2003,28800,30000,2064,864,1200,7.2,3.0,8.52,38.1,2.8,6.0,false,Medium,95
SAP,2004,30000,32100,3000,900,2100,10.0,3.0,9.04,47.5,3.8,5.5,false,Medium,95
SAP,2005,32100,32000,863,963,-100,2.7,3.0,10.02,43.3,3.5,5.1,false,Medium,95
SAP,2006,32000,36000,4960,960,4000,15.5,3.0,12.29,-8.1,2.8,4.6,false,Medium,95
SAP,2007,36000,42000,7080,1080,6000,19.7,3.0,14.3,20.5,2.0,4.6,false,Medium,95
SAP,2008,42000,51500,12860,3360,9500,30.6,8.0,16.11,-14.2,0.1,5.8,false,Medium,95
SAP,2009,51500,47560,180,4120,-3940,0.3,8.0,14.19,43.8,-2.6,9.3,false,Medium,95
SAP,2010,47560,51500,5366,1426,3940,11.3,3.0,16.1,24.3,2.7,9.6,false,High,95
SAP,2011,51500,55000,5045,1545,3500,9.8,3.0,18.87,-13.4,1.6,8.9,false,High,95
SAP,2012,55000,64400,11050,1650,9400,20.1,3.0,20.79,-1.8,2.3,8.1,false,High,95
SAP,2013,64400,66500,4032,1932,2100,6.3,3.0,22.31,39.7,1.8,7.4,false,High,95
SAP,2014,66500,74400,9895,1995,7900,14.9,3.0,23.31,22.9,2.5,6.2,false,High,95
SAP,2015,74400,77000,4832,2232,2600,6.5,3.0,24.87,-20.2,2.9,5.3,false,High,95
SAP,2016,77000,84200,9510,2310,7200,12.4,3.0,26.41,3.3,1.6,4.9,false,High,95
SAP,2017,84200,88500,6826,2526,4300,8.1,3.0,28.92,-25.9,2.4,4.4,false,High,95
SAP,2018,88500,96498,10653,2655,7998,12.0,3.0,30.85,23.1,2.9,3.9,false,High,95
SAP,2019,96498,100330,6726,2894,3832,7.0,3.0,31.56,0.7,2.3,3.7,false,High,95
SAP,2020,100330,102430,5109,3009,2100,5.1,3.0,27.34,32.8,-2.8,8.1,false,High,95
SAP,2021,102430,107415,8057,3072,4985,7.9,3.0,28.23,32.2,5.8,5.4,false,High,95
SAP,2022,107415,111961,10990,6444,4546,10.2,6.0,30.87,-39.6,1.9,3.6,false,High,95
SAP,2023,111961,110293,5049,6717,-1668,4.5,6.0,33.31,51.7,2.5,3.7,false,High,95
SAP,2024,110293,110000,3015,3308,-293,2.7,3.0,36.0,58.5,2.8,4.1,true,Medium,85
SAP,2025,110000,111000,4300,3300,1000,3.9,3.0,38.5,26.3,2.3,4.2,true,Medium,85
Salesforce,2001,40,150,113,3,110,282.5,7.5,0.02,13.5,1.0,4.7,false,Medium,95
Salesforce,2002,150,300,162,12,150,108.0,8.0,0.05,38.9,1.7,5.8,false,Medium,95
Salesforce,2003,300,500,209,9,200,69.7,3.0,0.1,43.3,2.8,6.0,false,Medium,95
Salesforce,2004,500,750,265,15,250,53.0,3.0,0.18,-5.8,3.8,5.5,false,Medium,95
Salesforce,2005,750,767,39,22,17,5.2,2.9,0.31,31.7,3.5,5.1,false,Medium,95
Salesforce,2006,767,1200,456,23,433,59.5,3.0,0.5,30.1,2.8,4.6,false,Medium,95
Salesforce,2007,1200,2100,936,36,900,78.0,3.0,0.75,10.5,2.0,4.6,false,Medium,95
Salesforce,2008,2100,2600,668,168,500,31.8,8.0,1.08,9.8,0.1,5.8,false,Medium,95
Salesforce,2009,2600,3200,808,208,600,31.1,8.0,1.31,-7.0,-2.6,9.3,false,Medium,95
Salesforce,2010,3200,3969,865,96,769,27.0,3.0,1.66,22.1,2.7,9.6,false,High,95
Salesforce,2011,3969,5306,1456,119,1337,36.7,3.0,2.27,-27.5,1.6,8.9,false,High,95
Salesforce,2012,5306,7785,2638,159,2479,49.7,3.0,3.05,19.4,2.3,8.1,false,High,95
Salesforce,2013,7785,9800,2248,233,2015,28.9,3.0,4.07,0.7,1.8,7.4,false,High,95
Salesforce,2014,9800,13300,3794,294,3500,38.7,3.0,5.37,20.8,2.5,6.2,false,High,95
Salesforce,2015,13300,16000,3099,399,2700,23.3,3.0,6.67,-5.2,2.9,5.3,false,High,95
Salesforce,2016,16000,19000,3480,480,3000,21.8,3.0,8.39,-4.0,1.6,4.9,false,High,95
Salesforce,2017,19000,25178,6748,570,6178,35.5,3.0,10.48,-12.7,2.4,4.4,false,High,95
Salesforce,2018,25178,29000,4577,755,3822,18.2,3.0,13.28,44.5,2.9,3.9,false,High,95
Salesforce,2019,29000,35000,6870,870,6000,23.7,3.0,17.1,48.9,2.3,3.7,false,High,95
Salesforce,2020,35000,56606,22656,1050,21606,64.7,3.0,21.25,0.2,-2.8,8.1,false,High,95
Salesforce,2021,56606,73541,18633,1698,16935,32.9,3.0,26.49,41.9,5.8,5.4,false,High,95
Salesforce,2022,73541,79390,10261,4412,5849,14.0,6.0,31.35,-37.0,1.9,3.6,false,High,95
Salesforce,2023,79390,72682,0,6708,-6708,0.0,8.4,34.86,74.7,2.5,3.7,false,High,95
Salesforce,2024,72682,72320,1818,2180,-362,2.5,3.0,37.5,-3.5,2.8,4.1,true,Medium,85
Salesforce,2025,72320,72000,1849,2169,-320,2.6,3.0,40.0,22.3,2.3,4.2,true,Medium,85
Shopify,2006,8,10,2,0,2,25.0,0.0,0.0,-6.5,2.8,4.6,false,Medium,95
Shopify,2007,10,20,10,0,10,100.0,0.0,0.01,-3.9,2.0,4.6,false,Medium,95
Shopify,2008,20,30,11,1,10,55.0,5.0,0.01,42.6,0.1,5.8,false,Medium,95
Shopify,2009,30,40,12,2,10,40.0,6.7,0.02,-18.3,-2.6,9.3,false,Medium,95
Shopify,2010,40,60,21,1,20,52.5,2.5,0.04,-8.6,2.7,9.6,false,High,95
Shopify,2011,60,100,41,1,40,68.3,1.7,0.06,22.0,1.6,8.9,false,High,95
Shopify,2012,100,150,53,3,50,53.0,3.0,0.1,21.9,2.3,8.1,false,High,95
Shopify,2013,150,250,104,4,100,69.3,2.7,0.19,-25.4,1.8,7.4,false,High,95
Shopify,2014,250,450,207,7,200,82.8,2.8,0.37,28.8,2.5,6.2,false,High,95
Shopify,2015,450,1000,563,13,550,125.1,2.9,0.67,-1.2,2.9,5.3,false,High,95
Shopify,2016,1000,1900,930,30,900,93.0,3.0,1.07,38.4,1.6,4.9,false,High,95
Shopify,2017,1900,3500,1657,57,1600,87.2,3.0,1.58,25.0,2.4,4.4,false,High,95
Shopify,2018,3500,5000,1605,105,1500,45.9,3.0,2.07,25.9,2.9,3.9,false,High,95
Shopify,2019,5000,5000,150,150,0,3.0,3.0,2.93,20.2,2.3,3.7,false,High,95
Shopify,2020,5000,7000,2150,150,2000,43.0,3.0,4.61,15.6,-2.8,8.1,false,High,95
Shopify,2021,7000,10000,3210,210,3000,45.9,3.0,5.6,30.8,5.8,5.4,false,High,95
Shopify,2022,10000,11600,2200,600,1600,22.0,6.0,5.6,-48.0,1.9,3.6,false,High,95
Shopify,2023,11600,10000,0,1600,-1600,0.0,13.8,7.06,109.9,2.5,3.7,false,High,95
Shopify,2024,10000,10500,800,300,500,8.0,3.0,7.9,0.1,2.8,4.1,true,Medium,85
Shopify,2025,10500,11000,815,315,500,7.8,3.0,8.8,-6.8,2.3,4.2,true,Medium,85
Snap,2012,25,30,5,0,5,20.0,0.0,0.0,39.4,2.3,8.1,true,Medium,85
Snap,2013,30,100,70,0,70,233.3,0.0,0.0,-21.4,1.8,7.4,true,Medium,85
Snap,2014,100,330,233,3,230,233.0,3.0,0.0,47.7,2.5,6.2,true,Medium,85
Snap,2015,330,815,494,9,485,149.7,2.7,0.06,-5.1,2.9,5.3,true,Medium,85
Snap,2016,815,1859,1068,24,1044,131.0,2.9,0.4,6.9,1.6,4.9,true,Medium,85
Snap,2017,1859,3069,1265,55,1210,68.0,3.0,0.83,2.2,2.4,4.4,true,Medium,85
Snap,2018,3069,3100,123,92,31,4.0,3.0,1.18,-16.8,2.9,3.9,true,Medium,85
Snap,2019,3100,3863,856,93,763,27.6,3.0,1.72,32.5,2.3,3.7,true,Medium,85
Snap,2020,3863,4952,1204,115,1089,31.2,3.0,2.51,26.4,-2.8,8.1,true,Medium,85
Snap,2021,4952,6446,1642,148,1494,33.2,3.0,4.12,31.5,5.8,5.4,true,Medium,85
Snap,2022,6446,6446,386,386,0,6.0,6.0,4.6,-20.4,1.9,3.6,true,Medium,85
Snap,2023,6446,5661,0,785,-785,0.0,12.2,4.6,63.9,2.5,3.7,true,Medium,85
Snap,2024,5661,5500,8,169,-161,0.1,3.0,5.4,-3.4,2.8,4.1,true,Medium,85
Snap,2025,5500,5600,265,165,100,4.8,3.0,5.8,16.6,2.3,4.2,true,Medium,85
Stripe,2011,8,10,2,0,2,25.0,0.0,0.01,46.4,1.6,8.9,true,Medium,85
Stripe,2012,10,40,30,0,30,300.0,0.0,0.05,41.2,2.3,8.1,true,Medium,85
Stripe,2013,40,100,61,1,60,152.5,2.5,0.2,12.1,1.8,7.4,true,Medium,85
Stripe,2014,100,250,153,3,150,153.0,3.0,0.45,26.0,2.5,6.2,true,Medium,85
Stripe,2015,250,500,257,7,250,102.8,2.8,0.9,8.4,2.9,5.3,true,Medium,85
Stripe,2016,500,800,315,15,300,63.0,3.0,1.5,-12.3,1.6,4.9,true,Medium,85
Stripe,2017,800,1500,724,24,700,90.5,3.0,2.5,31.1,2.4,4.4,true,Medium,85
Stripe,2018,1500,2000,545,45,500,36.3,3.0,4.0,-3.0,2.9,3.9,true,Medium,85
Stripe,2019,2000,2800,860,60,800,43.0,3.0,5.5,22.6,2.3,3.7,true,Medium,85
Stripe,2020,2800,3800,1084,84,1000,38.7,3.0,7.4,9.8,-2.8,8.1,true,Medium,85
Stripe,2021,3800,7000,3314,114,3200,87.2,3.0,12.0,74.6,5.8,5.4,true,Medium,85
Stripe,2022,7000,8000,1420,420,1000,20.3,6.0,13.5,-32.0,1.9,3.6,true,Medium,85
Stripe,2023,8000,7400,0,600,-600,0.0,7.5,14.4,78.1,2.5,3.7,true,Medium,85
Stripe,2024,7400,8000,822,222,600,11.1,3.0,16.5,14.8,2.8,4.1,true,Medium,85
Stripe,2025,8000,8500,740,240,500,9.2,3.0,18.5,-1.5,2.3,4.2,true,Medium,85
Tesla,2004,42,50,9,1,8,21.4,2.4,0.0,-4.3,3.8,5.5,false,Medium,95
Tesla,2005,50,150,101,1,100,202.0,2.0,0.0,18.4,3.5,5.1,false,Medium,95
Tesla,2006,150,250,104,4,100,69.3,2.7,0.0,8.3,2.8,4.6,false,Medium,95
Tesla,2007,250,350,107,7,100,42.8,2.8,0.0,-26.2,2.0,4.6,false,Medium,95
Tesla,2008,350,500,178,28,150,50.9,8.0,0.01,45.4,0.1,5.8,false,Medium,95
Tesla,2009,500,514,54,40,14,10.8,8.0,0.11,12.3,-2.6,9.3,false,Medium,95
Tesla,2010,514,899,400,15,385,77.8,2.9,0.12,-19.8,2.7,9.6,false,High,95
Tesla,2011,899,1417,544,26,518,60.5,2.9,0.2,7.2,1.6,8.9,false,High,95
Tesla,2012,1417,2964,1589,42,1547,112.1,3.0,0.41,42.4,2.3,8.1,false,High,95
Tesla,2013,2964,5859,2983,88,2895,100.6,3.0,2.01,-21.2,1.8,7.4,false,High,95
Tesla,2014,5859,10161,4477,175,4302,76.4,3.0,3.2,-7.9,2.5,6.2,false,High,95
Tesla,2015,10161,13058,3201,304,2897,31.5,3.0,4.05,8.0,2.9,5.3,false,High,95
Tesla,2016,13058,17782,5115,391,4724,39.2,3.0,7.0,-13.8,1.6,4.9,false,High,95
Tesla,2017,17782,37543,20294,533,19761,114.1,3.0,11.76,34.2,2.4,4.4,false,High,95
Tesla,2018,37543,48817,12400,1126,11274,33.0,3.0,21.46,-22.8,2.9,3.9,false,High,95
Tesla,2019,48817,48016,663,1464,-801,1.4,3.0,24.58,15.1,2.3,3.7,false,High,95
Tesla,2020,48016,70757,24181,1440,22741,50.4,3.0,31.54,-6.1,-2.8,8.1,false,High,95
Tesla,2021,70757,99290,30655,2122,28533,43.3,3.0,53.82,17.8,5.8,5.4,false,High,95
Tesla,2022,99290,127855,34522,5957,28565,34.8,6.0,81.46,-35.1,1.9,3.6,false,High,95
Tesla,2023,127855,140473,20289,7671,12618,15.9,6.0,96.77,83.6,2.5,3.7,false,High,95
Tesla,2024,140473,140473,4214,4214,0,3.0,3.0,97.0,30.4,2.8,4.1,true,Medium,85
Tesla,2025,140473,138000,1741,4214,-2473,1.2,3.0,110.0,21.9,2.3,4.2,true,Medium,85
Uber,2010,8,10,2,0,2,25.0,0.0,0.0,31.0,2.7,9.6,false,High,95
Uber,2011,10,50,40,0,40,400.0,0.0,0.01,14.7,1.6,8.9,false,High,95
Uber,2012,50,200,151,1,150,302.0,2.0,0.1,12.3,2.3,8.1,false,High,95
Uber,2013,200,500,306,6,300,153.0,3.0,0.35,15.9,1.8,7.4,false,High,95
Uber,2014,500,2000,1515,15,1500,303.0,3.0,0.5,-4.2,2.5,6.2,false,High,95
Uber,2015,2000,6700,4760,60,4700,238.0,3.0,1.5,37.7,2.9,5.3,false,High,95
Uber,2016,6700,11000,4501,201,4300,67.2,3.0,3.85,30.0,1.6,4.9,false,High,95
Uber,2017,11000,16000,5330,330,5000,48.5,3.0,7.93,26.7,2.4,4.4,false,High,95
Uber,2018,16000,22263,6743,480,6263,42.1,3.0,11.27,16.7,2.9,3.9,false,High,95
Uber,2019,22263,26900,5304,667,4637,23.8,3.0,14.15,48.6,2.3,3.7,false,High,95
Uber,2020,26900,23200,0,3700,-3700,0.0,13.8,11.14,-8.5,-2.8,8.1,false,High,95
Uber,2021,23200,29300,6796,696,6100,29.3,3.0,17.46,17.6,5.8,5.4,false,High,95
Uber,2022,29300,32200,4658,1758,2900,15.9,6.0,31.88,-32.5,1.9,3.6,false,High,95
Uber,2023,32200,32200,1932,1932,0,6.0,6.0,37.28,91.6,2.5,3.7,false,High,95
Uber,2024,32200,33500,2266,966,1300,7.0,3.0,43.0,-5.2,2.8,4.1,true,Medium,85
Uber,2025,33500,34500,2005,1005,1000,6.0,3.0,48.0,24.1,2.3,4.2,true,Medium,85
X (Twitter),2006,8,10,2,0,2,25.0,0.0,0.0,-28.7,2.8,4.6,false,Medium,95
X (Twitter),2007,10,20,10,0,10,100.0,0.0,0.0,-17.6,2.0,4.6,false,Medium,95
X (Twitter),2008,20,50,31,1,30,155.0,5.0,0.0,-21.4,0.1,5.8,false,Medium,95
X (Twitter),2009,50,150,104,4,100,208.0,8.0,0.02,29.0,-2.6,9.3,false,Medium,95
X (Twitter),2010,150,300,154,4,150,102.7,2.7,0.03,-26.5,2.7,9.6,false,High,95
X (Twitter),2011,300,600,309,9,300,103.0,3.0,0.11,-20.0,1.6,8.9,false,High,95
X (Twitter),2012,600,900,318,18,300,53.0,3.0,0.32,-27.1,2.3,8.1,false,High,95
X (Twitter),2013,900,2300,1427,27,1400,158.6,3.0,0.66,24.9,1.8,7.4,false,High,95
X (Twitter),2014,2300,3300,1069,69,1000,46.5,3.0,1.4,-0.0,2.5,6.2,false,High,95
X (Twitter),2015,3300,3900,699,99,600,21.2,3.0,2.22,-6.7,2.9,5.3,false,High,95
X (Twitter),2016,3900,3583,0,317,-317,0.0,8.1,2.53,10.7,1.6,4.9,false,High,95
X (Twitter),2017,3583,3200,0,383,-383,0.0,10.7,2.44,-12.4,2.4,4.4,false,High,95
X (Twitter),2018,3200,3900,796,96,700,24.9,3.0,3.04,26.8,2.9,3.9,false,High,95
X (Twitter),2019,3900,4900,1117,117,1000,28.6,3.0,3.46,8.7,2.3,3.7,false,High,95
X (Twitter),2020,4900,5800,1047,147,900,21.4,3.0,3.72,54.6,-2.8,8.1,false,High,95
X (Twitter),2021,5800,7500,1874,174,1700,32.3,3.0,5.08,36.4,5.8,5.4,false,High,95
X (Twitter),2022,7500,8000,950,450,500,12.7,6.0,4.4,-45.8,1.9,3.6,false,High,95
X (Twitter),2023,8000,1500,0,6500,-6500,0.0,81.2,3.4,22.0,2.5,3.7,false,High,95
X (Twitter),2024,1500,1600,145,45,100,9.7,3.0,3.8,46.0,2.8,4.1,true,Medium,85
X (Twitter),2025,1600,1700,148,48,100,9.2,3.0,4.2,-1.3,2.3,4.2,true,Medium,85
